P,count,time
4,1,0.007627
4,2,0.007811
