P,count,time
2,1,0.000015
2,2,0.000035
2,4,0.000015
2,8,0.000015
2,16,0.000016
2,32,0.000018
2,64,0.000019
2,128,0.000019
2,256,0.000019
2,512,0.000020
2,1024,0.001157
2,2048,0.000021
2,4096,0.001096
2,8192,0.000324
2,16384,0.000138
2,32768,0.000132
2,65536,0.000917
2,131072,0.001069
2,262144,0.001078
2,524288,0.001578
2,1048576,0.001989
2,2097152,0.003421
2,4194304,0.006054
