P,count,time
2,1,0.000015
2,2,0.000017
2,4,0.000015
2,8,0.000022
2,16,0.000016
2,32,0.000017
2,64,0.000019
2,128,0.000018
2,256,0.000018
2,512,0.001280
2,1024,0.001108
2,2048,0.001047
2,4096,0.000025
2,8192,0.000316
2,16384,0.000110
2,32768,0.000125
2,65536,0.000955
2,131072,0.001070
2,262144,0.001038
2,524288,0.001626
2,1048576,0.001685
2,2097152,0.004246
2,4194304,0.005769
