P,count,time
1,1,0.000013
1,2,0.000009
1,4,0.000012
1,8,0.000010
1,16,0.000013
1,32,0.000010
1,64,0.000012
1,128,0.000029
1,256,0.000013
1,512,0.000009
1,1024,0.000013
1,2048,0.000010
1,4096,0.000013
1,8192,0.000010
1,16384,0.000013
1,32768,0.000010
1,65536,0.000012
1,131072,0.000010
1,262144,0.000013
1,524288,0.000010
1,1048576,0.000013
1,2097152,0.000010
1,4194304,0.000014
