P,count,time
2,1,0.000015
2,2,0.000015
2,4,0.000014
2,8,0.000016
2,16,0.000015
2,32,0.000016
2,64,0.000017
2,128,0.000018
2,256,0.000020
2,512,0.000018
2,1024,0.001117
2,2048,0.001030
2,4096,0.001038
2,8192,0.000080
2,16384,0.000319
2,32768,0.000125
2,65536,0.000987
2,131072,0.000852
2,262144,0.001389
2,524288,0.001714
2,1048576,0.001752
2,2097152,0.003470
2,4194304,0.005792
